"shapeid","x","y","DFTA ID","Program Na","Date From","Date To","Time From","Time to","Site Addre","Borough","Zip Code","addrtype","addrlocat"
"0","-73.9017828","40.8322183","13V","ARTURO SCHOMBERG SENIOR CENTER","1/28/13","2/1/13","9","4","1315 FRANKLIN AVENUE","BRONX","10456","street_address","ROOFTOP"
"1","-73.8602755","40.85656","13J","BRONX HOUSE SENIOR CENTER","1/28/13","2/1/13","9","4","990 PELHAM PARKWAY SOUTH","BRONX","10461","street_address","ROOFTOP"
"2","-73.8763437","40.8349573","13T","BRONX RIVER SENIOR CENTER","1/28/13","2/1/13","9","4","1619 EAST 174TH STREET","BRONX","10472","street_address","ROOFTOP"
"3","-73.9095293","40.8124722","13L","BRONXWORKS E ROBERTS MOORE SENIOR CENTER","1/28/13","2/1/13","9","4","515 JACKSON AVENUE","BRONX","10455","street_address","ROOFTOP"
"4","-73.9045568","40.8487732","13M","BRONXWORKS EAST CONCOURSE SENIOR CENTER","1/28/13","2/1/13","9","4","236 EAST TREMONT AVENUE","BRONX","10457","street_address","ROOFTOP"
"5","-73.9170441","40.8518427","13K","BRONXWORKS HEIGHTS SENIOR CENTER","1/28/13","2/1/13","9","4","200 WEST TREMONT AVENUE","BRONX","10453","street_address","ROOFTOP"
"6","-73.9043248","40.8550106","13G","BRONXWORKS MORRIS INNOVATIVE SR CENTER","1/28/13","2/1/13","9","4","80 EAST 181ST STREET","BRONX","10453","street_address","ROOFTOP"
"7","-73.781995","40.841324","11R01","CITY ISLAND SENIOR CENTER","1/28/13","2/1/13","9","4","160 PILOT STREET","BRONX","10464","street_address","ROOFTOP"
"8","-73.9221267","40.8271172","14A","CONCOURSE WELLNESS CENTER","1/28/13","2/1/13","9","4","900 GRAND CONCOURSE","BRONX","10451","street_address","ROOFTOP"
"9","-73.8288465","40.8704856","13Z","CO-OP CITY SENIOR CENTER","1/28/13","2/1/13","9","4","2049 BARTOW AVENUE","BRONX","10475","street_address","ROOFTOP"
"10","-73.8292461","40.8777838","14D","DREISER SENIOR CENTER","1/28/13","2/1/13","9","4","177 DREISER LOOP","BRONX","10475","street_address","ROOFTOP"
"11","-73.922005","40.8321928","13S","HOPE OF ISRAEL SENIOR CENTER","1/28/13","2/1/13","9","4","1068 GERARD AVENUE","BRONX","10452","street_address","ROOFTOP"
"12","-73.8654295","40.8370495","13X","IPR/HE BETANCES SENIOR CENTER","1/28/13","2/1/13","9","4","787 E. 149TH ST. (temporary)","BRONX","10454","administrative_area_level_2","APPROXIMATE"
"13","-73.8652329","40.8230608","13U","JAMES MONROE SENIOR CENTER","1/28/13","2/1/13","9","4","1776 STORY AVENUE","BRONX","10473","street_address","ROOFTOP"
"14","-73.8430611","40.8845304","14C","JASA BAY-EDEN SENIOR CENTER","1/28/13","2/1/13","9","4","1220 EAST 229TH STREET","BRONX","10466","street_address","ROOFTOP"
"15","-73.8275025","40.821863","14E","JASA THROGS NECK SENIOR CENTER","1/28/13","2/1/13","9","4","2705 SCHLEY AVENUE","BRONX","10465","street_address","ROOFTOP"
"16","-73.848886","40.819622","14F","KIPS BAY CASTLE HILL SENIOR CENTER","1/28/13","2/1/13","9","4","625 CASTLE HILL AVENUE","BRONX","10473","street_address","ROOFTOP"
"17","-73.9080602","40.87658","13N","MARBLE HILL SENIOR CENTER","1/28/13","2/1/13","9","4","5365 BROADWAY","BRONX","10463","street_address","ROOFTOP"
"18","-73.9177156","40.8182988","13R","MELROSE MOTT HAVEN SENIOR CENTER","1/28/13","2/1/13","9","4","372 EAST 152ND STREET","BRONX","10455","street_address","ROOFTOP"
"19","-73.9275839","40.8098383","13Q","MITCHELL HOUSES","1/28/13","2/1/13","9","4","188 LINCOLN AVENUE","BRONX","10454","street_address","ROOFTOP"
"20","-73.8804942","40.8819332","13P","MOSHOLU MONTEFIORE SENIOR CENTER","1/28/13","2/1/13","9","4","3450 DEKALB AVENUE","BRONX","10467","street_address","ROOFTOP"
"21","-73.8819704","40.8537977","15A","MT CARMEL CENTER FOR SR CITIZENS","1/28/13","2/1/13","9","4","2405 SOUTHERN BOULEVARD","BRONX","10458","street_address","ROOFTOP"
"22","-73.8900459","40.8340452","14G","NEIGHBORHOOD SHOPP CASA BORICUA SR CTR","1/28/13","2/1/13","9","4","910 EAST 172ND STREET","BRONX","10460","street_address","ROOFTOP"
"23","-73.9071703","40.8160734","14H","NEIGHBORHOOD SHOPP LEON SENIOR CENTER","1/28/13","2/1/13","9","4","735 EAST 152ND STREET","BRONX","10455","street_address","ROOFTOP"
"24","-73.8263487","40.8337489","14J","NORTHEAST BRONX SENIOR CITIZEN CENTER","1/28/13","2/1/13","9","4","2968 BRUCKNER BOULEVARD","BRONX","10465","street_address","ROOFTOP"
"25","-73.869177","40.8691585","14K","PARKSIDE SENIOR CENTER","1/28/13","2/1/13","9","4","644 ADEE AVENUE","BRONX","10467","street_address","ROOFTOP"
"26","-73.9180482","40.8214734","14L","PSS ANDREW JACKSON SENIOR CENTER","1/28/13","2/1/13","9","4","325 EAST 156TH STREET","BRONX","10451","street_address","RANGE_INTERPOLATED"
"27","-73.9260159","40.8373442","14N","PSS HIGHBRIDGE SENIOR CENTER","1/28/13","2/1/13","9","4","1181 NELSON AVENUE","BRONX","10452","street_address","ROOFTOP"
"28","-73.9013061","40.8230739","14M","PSS-DAVIDSON SENIOR CENTER","1/28/13","2/1/13","9","4","950 UNION AVENUE","BRONX","10459","street_address","ROOFTOP"
"29","-73.84839","40.876133","14V","RAIN BOSTON EAST SENIOR CENTER","1/28/13","2/1/13","9","4","3450 BOSTON RD","BRONX","10469","street_address","ROOFTOP"
"30","-73.8662264","40.8617094","14U","RAIN BOSTON ROAD SENIOR CENTER","1/28/13","2/1/13","9","4","2424 BOSTON RD","BRONX","10467","street_address","ROOFTOP"
"31","-73.8322461","40.88264","14X","RAIN BOSTON SECOR SENIOR CENTER","1/28/13","2/1/13","9","4","3540 BIVONA ST","BRONX","10475","street_address","ROOFTOP"
"32","-73.8510172","40.8705698","14Q","RAIN EASTCHESTER SENIOR CENTER","1/28/13","2/1/13","9","4","1246 BURKE AVE","BRONX","10469","street_address","ROOFTOP"
"33","-73.8673211","40.8747134","14P","RAIN GUNHILL SENIOR CENTER","1/28/13","2/1/13","9","4","3377 WHITE PLAINS RD","BRONX","10467","street_address","ROOFTOP"
"34","-73.8291053","40.8444291","14R","RAIN MIDDLETOWN SENIOR CENTER","1/28/13","2/1/13","9","4","3035 MIDDLETOWN RD","BRONX","10461","street_address","ROOFTOP"
"35","-73.8537088","40.8979859","14S","RAIN NEREID SENIOR CENTER","1/28/13","2/1/13","9","4","720 NEREID AVE","BRONX","10466","street_address","ROOFTOP"
"36","-73.860667","40.8352244","14T","RAIN PARKCHESTER SENIOR CENTER","1/28/13","2/1/13","9","4","1380 METROPOLITAN AVE","BRONX","10462","street_address","ROOFTOP"
"37","-73.9145678","40.8786283","14Y","RIVERDALE SENIOR CENTER","1/28/13","2/1/13","9","4","2600 NETHERLAND AVENUE","BRONX","10463","street_address","ROOFTOP"
"38","-73.9081062","40.9051966","15C","RIVERDALE Y SENIOR CENTER","1/28/13","2/1/13","9","4","5625 ARLINGTON AVENUE","BRONX","10471","street_address","ROOFTOP"
"39","-73.8936402","40.8190955","14Z","SEBCO SENIOR PROGRAMS","1/28/13","2/1/13","9","4","887 SOUTHERN BOULEVARD","BRONX","10459","street_address","ROOFTOP"
"40","-73.8843865","40.8745228","13H","SISTER ANNUNCIATA BETHEL SENIOR CENTER","1/28/13","2/1/13","9","4","243 EAST 204TH STREET","BRONX","10458","street_address","ROOFTOP"
"41","-73.8879594","40.8471022","14B","THOMAS L. GUESS COMMUNITY SENIOR CENTER","1/28/13","2/1/13","9","4","2070 CLINTON AVENUE","BRONX","10457","street_address","ROOFTOP"
"42","-73.8937561","40.8826932","13Y","VAN CORTLANDT SENIOR CENTER","1/28/13","2/1/13","9","4","3880 SEDGWICK AVENUE","BRONX","10463","street_address","ROOFTOP"
"43","-73.9082587","40.8341148","15B","WILLIAM HODSON SENIOR CENTER","1/28/13","2/1/13","9","4","1320 WEBSTER AVENUE","BRONX","10456","street_address","ROOFTOP"
"44","-73.8993583","40.6500108","27A","ABE STARK SENIOR CENTER","1/28/13","2/1/13","9","4","10315 FARRAGUT ROAD","BROOKLYN","11236","street_address","ROOFTOP"
"45","-73.997759","40.6291632","23U","AMICO 59TH STREET SENIOR CENTER","1/28/13","2/1/13","9","4","5901 13TH AVENUE","BROOKLYN","11219","street_address","ROOFTOP"
"46","-74.0232749","40.6337018","24T","BAY RIDGE CENTER FOR OLDER ADULTS","1/28/13","2/1/13","9","4","411 OVINGTON AVENUE","BROOKLYN","11209","street_address","ROOFTOP"
"47","-74.0145242","40.6388754","24V","BCA 6TH AVENUE SENIOR CENTER","1/28/13","2/1/13","9","4","545 60TH STREET","BROOKLYN","11220","street_address","ROOFTOP"
"48","-73.9897359","40.6063749","25N","BENSONHURST SENIOR CENTER","1/28/13","2/1/13","9","4","7802 BAY PARKWAY","BROOKLYN","11214","street_address","ROOFTOP"
"49","-73.8989117","40.6184988","24S","BERGEN BEACH YOUTH ORGANIZATION INC.","1/28/13","2/1/13","9","4","2335 BERGEN AVENUE","BROOKLYN","11234","street_address","ROOFTOP"
"50","-73.9432793","40.7042451","270","BORINQUEN PLAZA NUTRITION CENTER","1/28/13","2/1/13","9","4","80 SEIGEL STREET","BROOKLYN","11206","street_address","ROOFTOP"
"51","-74.0010346","40.6337823","22U","BORO PARK SENIOR CENTER","1/28/13","2/1/13","9","4","5602 11TH AVENUE","BROOKLYN","11219","street_address","ROOFTOP"
"52","-73.9904559","40.6334943","24U","BORO PARK YM-YWHA SENIOR CENTER","1/28/13","2/1/13","9","4","4912 14TH AVENUE","BROOKLYN","11219","street_address","ROOFTOP"
"53","-73.9682475","40.6294797","23Q","BROOKDALE SENIOR CITIZENS CENTER","1/28/13","2/1/13","9","4","817 AVENUE H","BROOKLYN","11230","street_address","ROOFTOP"
"54","-73.9215198","40.6336353","24Y","CCNS GLENWOOD SENIOR CENTER","1/28/13","2/1/13","9","4","5701 AVENUE H","BROOKLYN","11234","street_address","ROOFTOP"
"55","-73.9530232","40.7289916","25F","CCNS MCGUINESS NORTHSIDE SENIOR CENTER","1/28/13","2/1/13","9","4","715 LEONARD STREET","BROOKLYN","11222","street_address","ROOFTOP"
"56","-74.0019166","40.6278214","258","CCNS NARROWS SENIOR CENTER","1/28/13","2/1/13","9","4","1230 63RD STREET","BROOKLYN","11219","street_address","ROOFTOP"
"57","-90.1669522","38.6601197","25E","CCNS NORTHSIDE SENIOR CENTER","1/28/13","2/1/13","9","4","179 NORTH 6TH STREET","BROOKLYN","11211","street_address","RANGE_INTERPOLATED"
"58","-73.9424345","40.671816","25H","CCNS SAINT LOUIS SENIOR CENTER","1/28/13","2/1/13","9","4","230 KINGSTON AVENUE","BROOKLYN","11213","street_address","ROOFTOP"
"59","-73.9950922","40.6959875","25G","CCNS ST CHARLES JUBILEE SENIOR CENTER","1/28/13","2/1/13","9","4","55 PIERREPONT STREET","BROOKLYN","11201","street_address","ROOFTOP"
"60","-73.9405785","40.5951823","24X","CCNS THE BAY SENIOR CENTER","1/28/13","2/1/13","9","4","3643 NOSTRAND AVENUE","BROOKLYN","11229","street_address","ROOFTOP"
"61","-73.9382828","40.6621364","25Q","CHRISTOPHER C BLENMAN SENIOR CENTER","1/28/13","2/1/13","9","4","720 EAST NEW YORK AVENUE","BROOKLYN","11203","street_address","ROOFTOP"
"62","-73.962805","40.608026","26U","COUNCIL CENTER FOR SENIOR CITIZENS","1/28/13","2/1/13","9","4","1001 QUENTIN ROAD","BROOKLYN","11223","street_address","ROOFTOP"
"63","-73.8768528","40.6820802","25L","CYPRESS HILLS FULTON ST SR CENTER","1/28/13","2/1/13","9","4","3208 FULTON STREET","BROOKLYN","11208","street_address","ROOFTOP"
"64","-73.9359473","40.7002702","277","DIANA JONES SENIOR CENTER","1/28/13","2/1/13","9","4","9 NOLL STREET","BROOKLYN","11206","street_address","ROOFTOP"
"65","-73.9642473","40.639418","25M","DORCHESTER SENIOR CENTER","1/28/13","2/1/13","9","4","1419 DORCHESTER ROAD","BROOKLYN","11226","street_address","ROOFTOP"
"66","-73.9392213","40.6739275","25P","F0RT GREENE ALBANY SENIOR CENTER","1/28/13","2/1/13","9","4","196 ALBANY AVENUE","BROOKLYN","11213","street_address","ROOFTOP"
"67","-73.8645577","40.668759","25Z","FGC TERESA MOORE SENIOR CENTER","1/28/13","2/1/13","9","4","2702 LINDEN BOULEVARD","BROOKLYN","11208","street_address","ROOFTOP"
"68","-73.9588728","40.638927","25T","FORT GREENE HAZEL BROOKS SENIOR CENTER","1/28/13","2/1/13","9","4","951-963 OCEAN AVENUE","BROOKLYN","11226","street_address","RANGE_INTERPOLATED"
"69","-72.0090795","41.7873062","25S","FT GREENE GRANT SQUARE SENIOR CENTER","1/28/13","2/1/13","9","4","19 GRANT SQUARE","BROOKLYN","11216","street_address","RANGE_INTERPOLATED"
"70","-73.9439988","40.6811403","25Y","FT GREENE STUYVESANT HEIGHTS SENIOR CTR","1/28/13","2/1/13","9","4","69 MCDONOUGH STREET","BROOKLYN","11216","street_address","ROOFTOP"
"71","-73.9621984","40.6822853","25R","GRACE AGARD HAREWOOD SENIOR CENTER","1/28/13","2/1/13","9","4","966 FULTON STREET","BROOKLYN","11238","street_address","ROOFTOP"
"72","-73.9246583","40.6751022","25V","H GILROY SENIOR CENTER","1/28/13","2/1/13","9","4","447 KINGSBOROUGH 4th WALK","BROOKLYN","11233","street_address","ROOFTOP"
"73","-73.9176248","40.6956372","27V","HOPE GARDENS SENIOR CENTER","1/28/13","2/1/13","9","4","195 LINDEN STREET","BROOKLYN","11221","street_address","ROOFTOP"
"74","-73.9780522","40.6139272","22W","HOUSE OF JACOB SENIOR CENTER","1/28/13","2/1/13","9","4","6222 23RD AVENUE","BROOKLYN","11204","street_address","ROOFTOP"
"75","-73.9634048","40.7053734","24R","INDEPENDENCE TOWERS ACTIVE ADULTS","1/28/13","2/1/13","9","4","114 TAYLOR STREET","BROOKLYN","11211","street_address","ROOFTOP"
"76","-73.8907033","40.6325795","26J","JASA HES SENIOR CENTER","1/28/13","2/1/13","9","4","9502 SEAVIEW AVENUE","BROOKLYN","11236","street_address","ROOFTOP"
"77","-73.9800525","40.5775094","26K","JASA LUNA PARK SENIOR CENTER","1/28/13","2/1/13","9","4","2880 WEST 12TH STREET","BROOKLYN","11224","street_address","ROOFTOP"
"78","-73.954062","40.580613","26H","JASA MANHATTAN BEACH SENIOR CENTER","1/28/13","2/1/13","9","4","60 WEST END AVENUE","BROOKLYN","11235","street_address","ROOFTOP"
"79","-74.0022271","40.5736083","26L","JASA SCHEUER HOUSE OF CONEY ISL SR CTR","1/28/13","2/1/13","9","4","3601 SURF AVENUE","BROOKLYN","11224","street_address","ROOFTOP"
"80","-73.9538756","40.5776756","26M","JASA SENIOR ALLIANCE SENIOR CENTER","1/28/13","2/1/13","9","4","161 CORBIN PLACE","BROOKLYN","11235","street_address","ROOFTOP"
"81","-73.9600286","40.575651","26N","JASA SHOREFRONT SENIOR CENTER","1/28/13","2/1/13","9","4","3300 CONEY ISLAND AVENUE","BROOKLYN","11235","street_address","ROOFTOP"
"82","-73.8778906","40.6474098","26P","JASA STARRETT CITY SENIOR CENTER","1/28/13","2/1/13","9","4","1540 VAN SICLEN AVENUE","BROOKLYN","11239","street_address","ROOFTOP"
"83","-73.9432787","40.7090048","26Q","JASA WILLIAMSBURG SENIOR CENTER","1/28/13","2/1/13","9","4","202 GRAHAM AVENUE","BROOKLYN","11206","street_address","ROOFTOP"
"84","-73.9514412","40.598065","26S","JAY SENIOR CENTER","1/28/13","2/1/13","9","4","2600 OCEAN AVENUE","BROOKLYN","11229","street_address","ROOFTOP"
"85","-73.9534373","40.7315705","26Y","KRAKUS LUNCHEON CLUB SENIOR CENTER","1/28/13","2/1/13","9","4","176 JAVA STREET","BROOKLYN","11222","street_address","ROOFTOP"
"86","-90.1676665","38.657321","27E","LOS SURES SENIOR CENTER","1/28/13","2/1/13","9","4","201 SOUTH 4TH STREET","BROOKLYN","11211","street_address","RANGE_INTERPOLATED"
"87","-73.9346782","40.6945964","25U","MARIA LAWTON SENIOR CENTER","1/28/13","2/1/13","9","4","400 HART STREET","BROOKLYN","11206","street_address","ROOFTOP"
"88","-73.9786948","40.5919066","26T","MARLBORO SENIOR CENTER","1/28/13","2/1/13","9","4","2298 WEST 8TH STREET","BROOKLYN","11223","street_address","ROOFTOP"
"89","-73.929436","40.6306565","24M","MIDWOOD SENIOR CENTER","1/28/13","2/1/13","9","4","4815 AVENUE I","BROOKLYN","11234","street_address","ROOFTOP"
"90","-73.9553632","40.6223742","27D","MIDWOOD SENIOR LEAGUE SATELITE","1/28/13","2/1/13","9","4","1625 OCEAN AVENUE","BROOKLYN","11230","street_address","ROOFTOP"
"91","-122.6894494","45.5229778","24Z","MOOSE LODGE SENIOR CENTER","1/28/13","2/1/13","9","4","77-11 18TH AVENUE","BROOKLYN","11214","street_address","RANGE_INTERPOLATED"
"92","-73.9653324","40.6028154","26V","OCEAN PARKWAY SENIOR CITIZENS CENTER","1/28/13","2/1/13","9","4","1960 EAST 7TH STREET","BROOKLYN","11223","street_address","ROOFTOP"
"93","-73.9810033","40.6684625","26X","PARK SLOPE SENIOR CITIZENS CENTER","1/28/13","2/1/13","9","4","463A 7TH STREET","BROOKLYN","11215","street_address","ROOFTOP"
"94","-73.8879925","40.6559768","25A","PENN WORTMAN ACTIVE ADULTS","1/28/13","2/1/13","9","4","895 PENNSYLVANIA AVENUE","BROOKLYN","11234","street_address","ROOFTOP"
"95","-73.988914","40.6634143","273","PROSPECT HILL SENIOR SERVICES CENTER","1/28/13","2/1/13","9","4","283 PROSPECT AVENUE","BROOKLYN","11215","street_address","ROOFTOP"
"96","-73.9441579","40.6781784","27G","RED HOOK SENIOR CENTER","1/28/13","2/1/13","9","4","110 WEST 9TH STREET (temporary)","BROOKLYN","11231","sublocality_level_1","APPROXIMATE"
"97","-73.945443","40.6431762","25X","REMSEN-SENIOR ACTION SENIOR CENTER","1/28/13","2/1/13","9","4","3304 CLARENDON ROAD","BROOKLYN","11203","street_address","ROOFTOP"
"98","-73.9184727","40.7030208","26Z","RIDGEWOOD BUSHWICK SENIOR CENTER","1/28/13","2/1/13","9","4","319 STANHOPE STREET","BROOKLYN","11237","street_address","ROOFTOP"
"99","-73.9020854","40.6650127","27P","ROSETTA GASTON SENIOR CENTER","1/28/13","2/1/13","9","4","460 DUMONT AVENUE","BROOKLYN","11212","street_address","ROOFTOP"
"100","-73.920155","40.6917193","27B","ROUNDTABLE SENIOR CITIZENS CENTER","1/28/13","2/1/13","9","4","1175 GATES AVENUE","BROOKLYN","11221","street_address","ROOFTOP"
"101","-73.9490521","40.6580895","27M","SAINT GABRIELS SENIOR CENTER","1/28/13","2/1/13","9","4","331 HAWTHORNE STREET","BROOKLYN","11225","street_address","ROOFTOP"
"102","-73.971525","40.604498","27F","SEPHARDIC MULTI SERVICE SENIOR CENTER","1/28/13","2/1/13","9","4","485 KINGS HIGHWAY","BROOKLYN","11223","street_address","ROOFTOP"
"103","-73.9396896","40.6634051","25K","SHALOM SENIOR CENTER","1/28/13","2/1/13","9","4","483 ALBANY AVENUE","BROOKLYN","11203","street_address","ROOFTOP"
"104","-74.039812","40.6219616","27K","SHORE HILL NEIGHBORHOOD CENTER","1/28/13","2/1/13","9","4","9000 SHORE ROAD","BROOKLYN","11209","street_address","ROOFTOP"
"105","-73.9730636","40.634564","27C","SR CITIZENS LEAGUE OF FLATBUSH SR CENTER","1/28/13","2/1/13","9","4","550 OCEAN PARKWAY","BROOKLYN","11218","street_address","ROOFTOP"
"106","-74.0101258","40.6491991","27L","SUNSET PARK SENIOR CENTER","1/28/13","2/1/13","9","4","4520 FOURTH AVENUE","BROOKLYN","11220","street_address","ROOFTOP"
"107","-73.9456135","40.713132","20E","SWINGING 60S SENIOR CENTER","1/28/13","2/1/13","9","4","211 AINSLIE STREET","BROOKLYN","11211","street_address","ROOFTOP"
"108","-73.9059223","40.6634179","27Q","TILDEN SENIOR CENTER","1/28/13","2/1/13","9","4","630 MOTHER GASTON BOULEVARD","BROOKLYN","11212","street_address","ROOFTOP"
"109","-73.9831035","40.6860743","27H","TIMES PLAZA SENIOR CENTER","1/28/13","2/1/13","9","4","460 ATLANTIC AVENUE","BROOKLYN","11217","street_address","ROOFTOP"
"110","-74.0122638","40.6438025","27N","UNITED SENIOR CITIZENS CENTER","1/28/13","2/1/13","9","4","475 53RD STREET","BROOKLYN","11220","street_address","ROOFTOP"
"111","-73.903091","40.664666","27S","VAN DYKE SENIOR CENTER","1/28/13","2/1/13","9","4","430 DUMONT AVENUE","BROOKLYN","11212","street_address","ROOFTOP"
"112","-73.8869657","40.6500769","24Q","VANDALIA SENIOR CENTER","1/28/13","2/1/13","9","4","47 VANDALIA AVENUE","BROOKLYN","11239","street_address","ROOFTOP"
"113","-73.9484603","40.6884626","27R","WAYSIDE TOMPKINS PARK SENIOR CENTER","1/28/13","2/1/13","9","4","550 GREENE AVENUE","BROOKLYN","11216","street_address","ROOFTOP"
"114","-73.9562358","40.7017358","25J","WILLIAMSBURG-SATMAR SENIOR CENTER","1/28/13","2/1/13","9","4","125 HEYWARD STREET","BROOKLYN","11206","street_address","ROOFTOP"
"115","-73.9757081","40.6946319","265","WILLOUGHBY SENIOR CENTER","1/28/13","2/1/13","9","4","105 NORTH PORTLAND AVENUE","BROOKLYN","11205","street_address","ROOFTOP"
"116","-73.9833857","40.6829244","27J","WYCKOFF GARDENS SENIOR CENTER","1/28/13","2/1/13","9","4","280 WYCKOFF STREET","BROOKLYN","11217","street_address","ROOFTOP"
"117","-73.9559308","40.6205917","27T","YOUNG ISRAEL OF MIDWOOD SENIOR CENTER","1/28/13","2/1/13","9","4","1694 OCEAN AVENUE","BROOKLYN","11230","street_address","ROOFTOP"
"118","-73.9364556","40.8212735","354","A PHILIP RANDOLPH SENIOR CENTER","1/28/13","2/1/13","9","4","108 WEST 146TH STREET","MANHATTAN","10039","street_address","ROOFTOP"
"119","-73.9417428","40.8109475","302","ABYSSINIAN TOWERS SENIOR CENTER","1/28/13","2/1/13","9","4","50 W 131ST ST","MANHATTAN","10037","street_address","ROOFTOP"
"120","-73.9390878","40.8452497","30E","ARC FT WASHINGTON SENIOR CENTER","1/28/13","2/1/13","9","4","4111 BROADWAY","MANHATTAN","10033","street_address","ROOFTOP"
"121","-73.9663042","40.8018597","30P","ASSOC OF BLACK SOCIAL WORKERS SR CENTER","1/28/13","2/1/13","9","4","221 WEST 107TH STREET","MANHATTAN","10025","street_address","ROOFTOP"
"122","-73.9922781","40.7203146","30Q","BRC SENIOR NUTRITION PROGRAM","1/28/13","2/1/13","9","4","30 DELANCEY STREET","MANHATTAN","10002","street_address","ROOFTOP"
"123","-73.9521102","40.7985413","30R","CANAAN SENIOR SERVICE CENTER","1/28/13","2/1/13","9","4","10 LENOX AVENUE","MANHATTAN","10026","street_address","RANGE_INTERPOLATED"
"124","-73.955512","40.7695542","317","CARTER BURDEN LUNCHEON CLUB","1/28/13","2/1/13","9","4","351 EAST 74TH STREET","MANHATTAN","10021","street_address","ROOFTOP"
"125","-73.9504318","40.7910918","34H","CARVER SENIOR CENTER","1/28/13","2/1/13","9","4","55 EAST 102ND STREET","MANHATTAN","10029","street_address","ROOFTOP"
"126","-73.9976956","40.7319414","33U","CENTER ON THE SQUARE SENIOR CENTER","1/28/13","2/1/13","9","4","20 WASHINGTON SQUARE NORTH","MANHATTAN","10011","street_address","ROOFTOP"
"127","-73.9400282","40.8174959","36901","CENTRAL HARLEM SENIOR CENTER","1/28/13","2/1/13","9","4","120 WEST 140TH STREET","MANHATTAN","10030","street_address","ROOFTOP"
"128","-74.0036216","40.7102734","347","CITY HALL SENIOR CENTER","1/28/13","2/1/13","9","4","100 GOLD STREET","MANHATTAN","10038","street_address","ROOFTOP"
"129","-73.954989","40.8039429","33S","COMMUNITY KITCHEN OF WEST HARLEM SC","1/28/13","2/1/13","9","4","252 W 116TH ST","MANHATTAN","10026","street_address","ROOFTOP"
"130","-73.9370768","40.7969304","34Z","CORSI HOUSE SENIOR CENTER","1/28/13","2/1/13","9","4","307 EAST 116TH STREET","MANHATTAN","10029","street_address","ROOFTOP"
"131","-73.940788","40.8342672","329","COTHOA LUNCHEON CLUB SENIOR CENTER","1/28/13","2/1/13","9","4","2005 AMSTERDAM AVENUE","MANHATTAN","10032","street_address","ROOFTOP"
"132","-73.9981985","40.7197624","322","CPC PROJECT OPEN DOOR","1/28/13","2/1/13","9","4","168 GRAND STREET","MANHATTAN","10013","street_address","ROOFTOP"
"133","-74.0093302","40.7400334","34P","DYCKMAN SENIOR CENTER","1/28/13","2/1/13","9","4","3754 10TH AVENUE","MANHATTAN","10034","street_address","RANGE_INTERPOLATED"
"134","-73.9390469","40.801563","32U","E. HARLEM CNCL NUTRITION PROGRAM","1/28/13","2/1/13","9","4","150 EAST 121ST STREET","MANHATTAN","10035","street_address","ROOFTOP"
"135","-73.9882037","40.7140047","33A","EDUCATIONAL ALLIANCE/ Whittaker Center","1/28/13","2/1/13","9","4","197 EAST BROADWAY","MANHATTAN","10002","street_address","ROOFTOP"
"136","-73.9857469","40.7614745","33L","ENCORE LUNCHEON CLUB","1/28/13","2/1/13","9","4","239 WEST 49TH STREET","MANHATTAN","10019","street_address","ROOFTOP"
"137","-73.9435243","40.7896967","351","GAYLORD WHITE SENIOR CENTER","1/28/13","2/1/13","9","4","2029 SECOND AVENUE","MANHATTAN","10029","street_address","ROOFTOP"
"138","-73.9707358","40.7878119","33T","GODDARD-RIVERSIDE SENIOR CENTER","1/28/13","2/1/13","9","4","593 COLUMBUS AVENUE","MANHATTAN","10024","street_address","ROOFTOP"
"139","-73.9828465","40.7131698","348","GOOD COMPANIONS NUTRITION","1/28/13","2/1/13","9","4","334 MADISON STREET","MANHATTAN","10002","street_address","ROOFTOP"
"140","-73.9817853","40.7183024","33V","GRAND COALITION OF SENIORS SENIOR CENTER","1/28/13","2/1/13","9","4","80 PITT STREET","MANHATTAN","10002","street_address","ROOFTOP"
"141","-73.9460242","40.8243636","324","HAMILTON GRANGE SENIOR CENTER","1/28/13","2/1/13","9","4","420 WEST 145TH STREET","MANHATTAN","10031","street_address","ROOFTOP"
"142","-74.0040273","40.7432766","34A","HUDSON GUILD SENIOR SERVICES","1/28/13","2/1/13","9","4","119 9TH AVENUE","MANHATTAN","10011","street_address","ROOFTOP"
"143","-74.011163","40.7179665","33X","INDEPENDENCE PLAZA","1/28/13","2/1/13","9","4","310 GREENWICH STREET","MANHATTAN","10013","street_address","ROOFTOP"
"144","-73.9564024","40.8121944","31T","JACKIE ROBINSON SR CTR AT GRANT HOUSES","1/28/13","2/1/13","9","4","1301 AMSTERDAM AVENUE","MANHATTAN","10027","street_address","ROOFTOP"
"145","-73.9779374","40.7802798","62706","JASA CLUB 76","1/28/13","2/1/13","9","4","120 WEST 76TH STREET","MANHATTAN","10023","street_address","ROOFTOP"
"146","-73.9370765","40.7945678","352","JEFFERSON HOUSES SENIOR CENTER","1/28/13","2/1/13","9","4","2205 FIRST AVENUE","MANHATTAN","10029","street_address","ROOFTOP"
"147","-73.9848284","40.7268429","34S","JOHN PAUL II FRIENDSHIP CENTER","1/28/13","2/1/13","9","4","103 EAST 7TH STREET","MANHATTAN","10009","street_address","ROOFTOP"
"148","-74.0031524","40.732377","33Y","JUDITH WHITE SENIOR CENTER","1/28/13","2/1/13","9","4","27 BARROW STREET","MANHATTAN","10014","street_address","ROOFTOP"
"149","-73.9399304","40.8125758","36902","KENNEDY SENIOR CENTER","1/28/13","2/1/13","9","4","34 WEST 134TH STREET","MANHATTAN","10037","street_address","ROOFTOP"
"150","-73.9878943","40.7116748","34Q","LA GUARDIA SENIOR CENTER","1/28/13","2/1/13","9","4","280 CHERRY STREET","MANHATTAN","10002","street_address","ROOFTOP"
"151","-73.9571156","40.7667249","33K","LENOX HILL INNOVATIVE SENIOR CENTER","1/28/13","2/1/13","9","4","343 EAST 70TH STREET","MANHATTAN","10021","street_address","ROOFTOP"
"152","-73.9703834","40.7585654","34M","LENOX HILL SENIOR CENTER II ST. PETER'S","1/28/13","2/1/13","9","4","619 LEXINGTON AVENUE","MANHATTAN","10022","street_address","ROOFTOP"
"153","-73.9403541","40.7921489","30Z","LEONARD COVELLO SENIOR CENTER","1/28/13","2/1/13","9","4","312 EAST 109TH STREET","MANHATTAN","10029","street_address","ROOFTOP"
"154","-73.9420734","40.8333512","361","M MCLEOD BETHUNE SENIOR CENTER","1/28/13","2/1/13","9","4","1970 AMSTERDAM AVENUE","MANHATTAN","10032","street_address","ROOFTOP"
"155","-73.9569314","40.8196407","358","MANHATTANVILLE-RIVERSIDE SENIOR CENTER","1/28/13","2/1/13","9","4","3333 BROADWAY","MANHATTAN","10031","street_address","ROOFTOP"
"156","-73.935636","40.853155","30C","MORIAH OLDER ADULT LUNCHEON CLUB","1/28/13","2/1/13","9","4","90 BENNETT AVENUE","MANHATTAN","10033","street_address","ROOFTOP"
"157","-73.995611","40.7205439","34R","MOTT STREET SENIOR CENTER","1/28/13","2/1/13","9","4","180 MOTT STREET","MANHATTAN","10012","street_address","ROOFTOP"
"158","-73.998944","40.716045","320","NY CHINATOWN SENIOR CENTER","1/28/13","2/1/13","9","4","70 MULBERRY STREET","MANHATTAN","10013","street_address","ROOFTOP"
"159","-74.0029787","40.7303171","33Z","OUR LADY OF POMPEII SENIOR CENTER","1/28/13","2/1/13","9","4","25 CARMINE STREET","MANHATTAN","10014","street_address","ROOFTOP"
"160","-73.991028","40.768051","33N","PROJECT FIND CLINTON SENIOR CENTER","1/28/13","2/1/13","9","4","530 WEST 55TH STREET","MANHATTAN","10019","street_address","ROOFTOP"
"161","-73.9933608","40.7576355","33P","PROJECT FIND COFFEEHOUSE SENIOR CENTER","1/28/13","2/1/13","9","4","551 NINTH AVENUE","MANHATTAN","10018","street_address","ROOFTOP"
"162","-73.979743","40.778957","33Q","PROJECT FIND HAMILTON HOUSE","1/28/13","2/1/13","9","4","141 WEST 73RD STREET","MANHATTAN","10023","street_address","ROOFTOP"
"163","-73.9847552","40.7561241","33R","PROJECT FIND WOODSTOCK SENIOR CENTER","1/28/13","2/1/13","9","4","127 WEST 43RD STREET","MANHATTAN","10036","street_address","ROOFTOP"
"164","-73.9448633","40.8050093","34T","PSS HARLEM SENIOR CENTER","1/28/13","2/1/13","9","4","18 MOUNT MORRIS PARK WEST","MANHATTAN","10027","street_address","ROOFTOP"
"165","-73.9232711","40.8660417","34U","RAIN INWOOD SENIOR CENTER","1/28/13","2/1/13","9","4","84 VERMILYEA AVE","MANHATTAN","10034","street_address","ROOFTOP"
"166","-73.9496385","40.7617544","34X","ROOSEVELT ISLAND SENIOR CENTER","1/28/13","2/1/13","9","4","546 MAIN STREET","MANHATTAN","10044","street_address","ROOFTOP"
"167","-73.9934185","40.7467328","646","SAGE INNOVATIVE SENIOR CENTER","1/28/13","2/1/13","9","4","305 SEVENTH AVENUE","MANHATTAN","10001","street_address","ROOFTOP"
"168","-73.9843701","40.7304892","335","SIROVICH SENIOR CENTER","1/28/13","2/1/13","9","4","331 EAST 12TH STREET","MANHATTAN","10003","street_address","ROOFTOP"
"169","-73.9451369","40.7812485","34Y","STANLEY ISAACS SENIOR CENTER","1/28/13","2/1/13","9","4","415 EAST 93RD STREET","MANHATTAN","10128","street_address","ROOFTOP"
"170","-96.5737892","39.1807589","334","STEIN SENIOR CENTER","1/28/13","2/1/13","9","4","245 EAST 17TH STREET (temporary)","MANHATTAN","10010","route","GEOMETRIC_CENTER"
"171","-73.9354629","40.8047882","355","UBA BEATRICE LEWIS SENIOR CENTER","1/28/13","2/1/13","9","4","2322 THIRD AVENUE","MANHATTAN","10035","street_address","ROOFTOP"
"172","-73.9829468","40.7157136","362","UJC ADULT LUNCHEON CLUB","1/28/13","2/1/13","9","4","15 BIALYSTOKER PLACE","MANHATTAN","10002","street_address","RANGE_INTERPOLATED"
"173","-73.9895841","40.7221588","363","UNIVERSITY SETTLEMENT NUTRITION","1/28/13","2/1/13","9","4","189 ALLEN STREET","MANHATTAN","10002","street_address","ROOFTOP"
"174","-73.9942248","40.7437213","645","VISIONS INNOVATIVE SENIOR CENTER","1/28/13","2/1/13","9","4","135 WEST 23RD STREET","MANHATTAN","10011","street_address","ROOFTOP"
"175","-73.9328342","40.8536665","36A","WASH HGTS COMMUNITY SVC SENIOR CENTER","1/28/13","2/1/13","9","4","650 WEST 187TH STREET","MANHATTAN","10033","street_address","ROOFTOP"
"176","-73.9872561","40.7748482","34N","WEST 65TH STREET SENIOR CENTER","1/28/13","2/1/13","9","4","250 W 65TH ST","MANHATTAN","10023","street_address","ROOFTOP"
"177","-73.9643125","40.800112","36B","WEST SIDE FEDERATION SENIOR CENTER","1/28/13","2/1/13","9","4","135 WEST 106TH STREET","MANHATTAN","10025","street_address","ROOFTOP"
"178","-73.9295215","40.8601279","33M","YM YWHA INNOVATIVE SENIOR CENTER","1/28/13","2/1/13","9","4","54 NAGLE AVENUE","MANHATTAN","10040","street_address","ROOFTOP"
"179","-73.7832628","40.6903565","44Q","ALLEN COMMUNITY SENIOR CITIZENS CENTER","1/28/13","2/1/13","9","4","166-01 LINDEN BOULEVARD","QUEENS","11434","street_address","ROOFTOP"
"180","-73.7397664","40.6952726","44N","ALPHA PHI ALPHA SENIOR CENTER","1/28/13","2/1/13","9","4","220-01 LINDEN BOULVARD","QUEENS","11411","street_address","ROOFTOP"
"181","-73.8029625","40.688481","42A","BROOKS SENIOR CENTER","1/28/13","2/1/13","9","4","143-22 109TH AVENUE","QUEENS","11435","street_address","ROOFTOP"
"182","-73.7567075","40.7498839","43A","CCNS BAYSIDE SENIOR CENTER","1/28/13","2/1/13","9","4","221-15 HORACE HARDING EXPWY","QUEENS","11364","street_address","ROOFTOP"
"183","-73.8838579","40.7510226","43B","CCNS CATHERINE SHERIDAN SENIOR CENTER","1/28/13","2/1/13","9","4","35-24 83RD STREET","QUEENS","11372","street_address","ROOFTOP"
"184","-73.9286819","40.7633932","42X","CCNS DELLAMONICA SENIOR CENTER","1/28/13","2/1/13","9","4","23-56 BROADWAY","QUEENS","11106","street_address","ROOFTOP"
"185","-73.7946722","40.7102055","44P","CCNS HILLCREST SENIOR CENTER","1/28/13","2/1/13","9","4","168-01B HILLSIDE AVENUE","QUEENS","11432","street_address","ROOFTOP"
"186","-73.8397244","40.6858239","42W","CCNS OZONE PARK SENIOR CENTER","1/28/13","2/1/13","9","4","103-02 101ST AVENUE","QUEENS","11416","street_address","ROOFTOP"
"187","-73.8636875","40.692031","425","CCNS WOODHAVEN RICHMOND HILL SR. CTR.","1/28/13","2/1/13","9","4","78-15 JAMAICA AVENUE","QUEENS","11421","street_address","ROOFTOP"
"188","-73.8293716","40.7602089","488","CPC QUEENS NAN SHAN SENIOR CITIZEN CTR","1/28/13","2/1/13","9","4","136-18 39TH AVENUE","QUEENS","11354","street_address","ROOFTOP"
"189","-73.870599","40.7624663","42Y","ELMCOR SENIOR CENTER","1/28/13","2/1/13","9","4","98-19 ASTORIA BOULVARD","QUEENS","11369","street_address","ROOFTOP"
"190","-73.8900899","40.7463344","43N","ELMHURST JACKSON HEIGHTS SENIOR CENTER","1/28/13","2/1/13","9","4","75-01 BROADWAY","QUEENS","11373","street_address","ROOFTOP"
"191","-73.8657527","40.7559817","43F","FLORENCE SMITH SENIOR SERVICE","1/28/13","2/1/13","9","4","102-19 34TH AVENUE","QUEENS","11368","street_address","ROOFTOP"
"192","-73.8501298","40.7362951","44M","FOREST HILLS COMMUNITY HOUSE SENIOR CTR","1/28/13","2/1/13","9","4","108-25 62ND DRIVE","QUEENS","11375","street_address","ROOFTOP"
"193","-73.845061","40.7857822","46F","HANAC ANGELO PETROMELIS SENIOR CENTER","1/28/13","2/1/13","9","4","13-28 123RD STREET","QUEENS","11356","street_address","ROOFTOP"
"194","-73.9192554","40.771155","45B","HANAC LINDSAY SENIOR CENTER","1/28/13","2/1/13","9","4","27-40 HOYT AVENUE SOUTH","QUEENS","11102","street_address","ROOFTOP"
"195","-73.866667","40.75","44C","HOWARD BEACH SENIOR CENTER","1/28/13","2/1/13","9","4","157-10 83RD STREET (temporary)","QUEENS","11414","sublocality_level_1","APPROXIMATE"
"196","-73.855888","40.7513924","472","IPR HE CORONA SENIOR CENTER","1/28/13","2/1/13","9","4","108-74 ROOSEVELT AVENUE","QUEENS","11368","street_address","ROOFTOP"
"197","-73.753473","40.5932919","44H","JASA BROOKDALE SENIOR CENTER","1/28/13","2/1/13","9","4","131 BEACH 19TH STREET","QUEENS","11691","street_address","ROOFTOP"
"198","-73.7648146","40.7250629","44F","JASA HOLLISWOOD SENIOR CENTER","1/28/13","2/1/13","9","4","86-25 FRANCIS LEWIS BLVD","QUEENS","11427","street_address","ROOFTOP"
"199","-73.827577","40.581722","401","JASA ROCKAWAY PARK SENIOR CENTER","1/28/13","2/1/13","9","4","106-20 SHORE FRONT PKWY.","QUEENS","11694","street_address","ROOFTOP"
"200","-73.7419575","40.5955243","42J","JASA ROY REUTHER SENIOR CENTER","1/28/13","2/1/13","9","4","7-11C SEAGIRT AVENUE","QUEENS","11691","street_address","ROOFTOP"
"201","-73.788359","40.706237","435","JSPOA FRIENDSHIP NUTRITION CENTER","1/28/13","2/1/13","9","4","92-33 170TH STREET","QUEENS","11433","street_address","ROOFTOP"
"202","-73.7961193","40.6741192","44E","JSPOA ROCKAWAY BLVD SENIOR CENTER","1/28/13","2/1/13","9","4","123-10 143RD STREET","QUEENS","11436","street_address","ROOFTOP"
"203","-73.7937818","40.7043284","42Q","JSPOA THEODORA JACKSON SENIOR CENTER","1/28/13","2/1/13","9","4","92-47 165TH STREET","QUEENS","11433","street_address","ROOFTOP"
"204","-73.8571113","40.7536022","44K","KOREAN AMERICAN SENIOR CENTER","1/28/13","2/1/13","9","4","37-06 111TH STREET","QUEENS","11368","street_address","ROOFTOP"
"205","-73.800095","40.759002","43R","KOREAN AMERICAN SENIOR CENTER - FLUSHING","1/28/13","2/1/13","9","4","42-15 166TH STREET","QUEENS","11358","street_address","ROOFTOP"
"206","-73.8618666","40.7390595","43K","LEFRAK SENIOR CITIZENS CENTER","1/28/13","2/1/13","9","4","98-16 55TH AVENUE","QUEENS","11368","street_address","ROOFTOP"
"207","-73.8768343","40.7092467","45F","MIDDLE VILLAGE OLDER ADULT CENTER","1/28/13","2/1/13","9","4","69-10 75TH STREET","QUEENS","11379","street_address","ROOFTOP"
"208","-73.879682","40.7368502","43V","NEWTOWN ITALIAN SENIOR CENTER","1/28/13","2/1/13","9","4","83-20 QUEENS BOULEVARD","QUEENS","11373","street_address","ROOFTOP"
"209","-73.8959724","40.7036027","44G","PETER CARDELLA SENIOR CITIZEN CENTER","1/28/13","2/1/13","9","4","68-52 FRESH POND ROAD","QUEENS","11385","street_address","ROOFTOP"
"210","-73.8140968","40.735127","44W","POMONOK SENIOR CENTER","1/28/13","2/1/13","9","4","67-09 KISSENA BOULEVARD","QUEENS","11367","street_address","ROOFTOP"
"211","-73.9450921","40.7556781","43W","QUEENSBRIDGE-RIIS SENIOR CENTER","1/28/13","2/1/13","9","4","10-25 41ST AVENUE","QUEENS","11101","street_address","ROOFTOP"
"212","-73.9283296","40.7678725","44T","RAICES ASTORIA SENIOR CENTER","1/28/13","2/1/13","9","4","21-21 30TH DRIVE","QUEENS","11102","street_address","RANGE_INTERPOLATED"
"213","-73.8554838","40.7432415","44R","RAICES CORONA SENIOR CENTER","1/28/13","2/1/13","9","4","107-24 CORONA AVENUE","QUEENS","11368","street_address","ROOFTOP"
"214","-73.9369687","40.7623607","43L","RAVENSWOOD SENIOR CENTER","1/28/13","2/1/13","9","4","34-35A 12TH STREET","QUEENS","11106","street_address","ROOFTOP"
"215","-73.8653618","40.7317911","43X","REGO PARK SENIOR CENTER","1/28/13","2/1/13","9","4","93-29 QUEENS BOULEVARD","QUEENS","11374","street_address","ROOFTOP"
"216","-73.8998403","40.7010657","45A","RIDGEWOOD OLDER ADULT CENTER","1/28/13","2/1/13","9","4","59-14 70TH AVENUE","QUEENS","11385","street_address","ROOFTOP"
"217","-73.763826","40.6725272","44S","ROBERT COUCHE SENIOR CITIZEN CENTER","1/28/13","2/1/13","9","4","137-57 FARMERS BOULEVARD","QUEENS","11434","street_address","ROOFTOP"
"218","-73.7705034","40.6728807","43M","ROCHDALE SENIOR CENTER","1/28/13","2/1/13","9","4","169-65 137TH AVENUE","QUEENS","11434","street_address","ROOFTOP"
"219","-73.7232898","40.7608848","44X","SAMUEL FIELD NEIGHBORHOOD SENIOR CENTER","1/28/13","2/1/13","9","4","58-20 LITTLE NECK PARKWAY","QUEENS","11362","street_address","ROOFTOP"
"220","-73.8473802","40.7217493","43P","SELFHELP AUSTIN ST SENIOR CENTER","1/28/13","2/1/13","9","4","106-06 QUEENS BOULEVARD","QUEENS","11375","street_address","ROOFTOP"
"221","-73.7837033","40.7766163","43T","SELFHELP CLEARVIEW SENIOR CENTER","1/28/13","2/1/13","9","4","208-11 26TH AVENUE","QUEENS","11360","street_address","ROOFTOP"
"222","-73.8200103","40.7519175","42T","SELFHELP INNOVATIVE SENIOR CENTER","1/28/13","2/1/13","9","4","45-25 KISSENA BOULEVARD","QUEENS","11355","street_address","ROOFTOP"
"223","-73.8302085","40.7659057","44A","SELFHELP LATIMER GARDENS SENIOR CENTER","1/28/13","2/1/13","9","4","34-30 137 STREET","QUEENS","11355","street_address","ROOFTOP"
"224","-73.8937187","40.7272395","493","SELFHELP MASPETH SENIOR CENTER","1/28/13","2/1/13","9","4","69-61 GRAND AVENUE","QUEENS","11378","street_address","ROOFTOP"
"225","-73.7321333","40.6743706","44B","SNAP BROOKVILLE SENIOR CENTER","1/28/13","2/1/13","9","4","133-33 BROOKVILLE BOULEVARD","QUEENS","11422","street_address","ROOFTOP"
"226","-73.732503","40.7372234","42V","SNAP INNOVATIVE SENIOR CENTER","1/28/13","2/1/13","9","4","80-45 WINCHESTER BOULEVARD","QUEENS","11427","street_address","ROOFTOP"
"227","-73.9256471","40.7450411","43Y","SUNNYSIDE COMMUNITY SENIOR CENTER","1/28/13","2/1/13","9","4","43-31 39TH STREET","QUEENS","11104","street_address","ROOFTOP"
"228","-73.9104811","40.7534226","45C","WOODSIDE SENIOR CENTER","1/28/13","2/1/13","9","4","50-37 NEWTOWN ROAD","QUEENS","11377","street_address","ROOFTOP"
"229","-73.7657294","40.6045391","44V","YNG ISRAEL WAVECREST BAYSWATER SR LEAGUE","1/28/13","2/1/13","9","4","2716 HEALY AVENUE","QUEENS","11691","street_address","ROOFTOP"
"230","-73.8517795","40.7216287","497","YOUNG ISRAEL FOREST HILLS SENIOR LEAGUE","1/28/13","2/1/13","9","4","68-07 BURNS STREET","QUEENS","11375","street_address","ROOFTOP"
"231","-73.8194199","40.7214529","43Z","YOUNG ISRAEL QUEENS VALLEY","1/28/13","2/1/13","9","4","141-55 77TH AVENUE","QUEENS","11367","street_address","ROOFTOP"
"232","-74.1346334","40.6346984","546","ANDERSON NEIGHBORHOOD SENIOR CENTER","1/28/13","2/1/13","9","4","120 ANDERSON AVENUE","STATEN","10302","street_address","ROOFTOP"
"233","-74.075671","40.596335","552","ARROCHAR FRIENDSHIP CLUB SENIOR CENTER","1/28/13","2/1/13","9","4","85 JEROME AVENUE","STATEN","10305","street_address","ROOFTOP"
"234","-74.0964201","40.6422563","550","CASSIDY COLES SENIOR CENTER","1/28/13","2/1/13","9","4","125 CASSIDY PLACE","STATEN","10301","street_address","ROOFTOP"
"235","-74.1263681","40.594799","544","JCC OF STATEN ISLAND INNOVATIVE SR CTR","1/28/13","2/1/13","9","4","1466 MANOR ROAD","STATEN","10314","street_address","ROOFTOP"
"236","-74.1835775","40.5656626","548","JCC SOUTH SHORE SR CTR","1/28/13","2/1/13","9","4","1297 ARTHUR KILL ROAD","STATEN","10312","street_address","ROOFTOP"
"237","-74.2197684","40.5103092","554","MOUNT LORETTO FRIENDSHIP CLUB SENIOR CTR","1/28/13","2/1/13","9","4","6581 HYLAN BOULEVARD","STATEN","10309","street_address","ROOFTOP"
"238","-74.0619545","40.6128939","549","NEW LANE SENIOR CENTER","1/28/13","2/1/13","9","4","70 NEW LANE","STATEN","10305","street_address","ROOFTOP"
"239","-74.0827167","40.6229638","547","STAPLETON SENIOR CENTER","1/28/13","2/1/13","9","4","189 GORDON STREET","STATEN","10304","street_address","ROOFTOP"
"240","-74.1505471","40.5539836","551","STATEN ISLAND FRIENDSHIP CLUB","1/28/13","2/1/13","9","4","11 SAMPSON AVENUE","STATEN","10308","route","GEOMETRIC_CENTER"
"241","-74.1191323","40.6080542","553","TODT HILL FRIENDSHIP CLUB SENIOR CENTER","1/28/13","2/1/13","9","4","184 SCHMIDTS LANE","STATEN","10314","street_address","ROOFTOP"
"242","-74.1177842","40.6358966","545","WEST BRIGHTON SENIOR CENTER","1/28/13","2/1/13","9","4","230 BROADWAY","STATEN","10310","street_address","ROOFTOP"
